,essay_id,lead,position,claim,rebuttal,evidence,concluding,counterclaim
0,65A2037C80C4,0,8,56,0,84,18,0
1,4A687A432A70,36,22,80,0,80,55,0
2,0EF2B186C58C,0,7,67,0,90,63,0
3,67843D0A6F5B,0,9,18,0,67,31,0
4,C848C44E3004,9,8,50,10,84,22,9
5,811DE32FCE53,81,9,90,35,90,70,14
6,7C7826E3F76B,0,25,79,0,86,0,0
7,939B172F88F0,87,18,76,0,87,87,0
8,2ED1E6441A1B,86,22,86,12,86,86,38
9,8B74BC1E0166,81,15,81,0,81,81,0
10,3FC1377C323B,0,27,10,0,90,0,0
11,A9DA11C7B5D3,24,4,9,0,70,29,0
12,C96BB22A0B19,0,19,6,0,42,35,0
13,8EAD127ACC77,0,34,52,0,85,41,0
14,AD447A0ADA1E,0,10,26,0,90,16,0
15,7C9973669356,60,22,39,40,82,62,47
16,EF0AC8A124F0,63,16,68,28,81,34,16
17,F17D56052066,0,17,32,0,89,0,0
18,E478A1EEF2DC,43,17,39,0,87,60,0
19,F3D1C6C6C574,77,31,83,0,83,26,32
20,66031F0D0329,85,13,85,85,85,85,85
21,E676BEF17B80,25,37,60,0,88,46,0
22,D1F17C0DED14,2,15,23,0,80,21,0
23,832BF7151D40,17,48,28,0,82,39,0
24,FA205817C3C5,81,42,81,10,20,17,11
25,1BA120ABF733,22,26,29,0,83,20,18
26,9022E3076084,0,9,89,0,89,64,0
27,C0288C918431,39,7,76,45,67,80,71
28,828FE7B8D02C,11,13,33,0,82,60,0
29,2EAE515F6F39,0,14,53,0,80,44,0
30,AF417DD4BF66,0,11,14,0,82,53,0
31,00A4CB36E006,66,16,34,0,83,83,0
32,4A38FAE588D9,82,33,82,0,82,0,0
33,616F8E0EFABF,59,13,54,51,53,0,47
34,9996C0482579,0,8,65,0,81,81,0
35,A132AEDB4B09,0,9,88,0,88,15,0
36,660E2CA45DA6,0,20,21,43,49,0,18
37,D30AC446FAC6,86,23,86,0,86,86,43
38,4C587D63904C,15,8,46,36,81,0,43
39,8E634C8CED65,64,16,22,0,86,36,0
40,812F57286987,86,11,48,8,59,43,13
41,089CDCA504A1,0,6,82,0,82,10,0
42,0F10DC1AE015,69,29,86,34,89,89,39
43,4EB436F7DB61,0,25,85,0,85,79,0
44,9E8E7DF87172,83,20,87,23,87,87,31
45,9F12C5402E1C,14,13,73,19,86,73,20
46,E20909405FED,0,16,59,0,89,46,0
47,45B098D3A19B,7,21,80,0,80,32,0
48,AA31989A6C87,0,14,82,0,82,36,0
49,09DB075C4ACE,0,22,59,0,77,28,0
50,216A05AF987E,81,45,62,0,81,81,0
51,6D1FB567121E,24,16,81,81,81,81,46
52,53075D4CA4B0,48,2,62,36,82,41,59
53,CFEB73B3B0A7,0,26,13,0,36,0,0
54,2C4F19141C94,85,26,85,0,85,85,0
55,24708E827578,71,0,27,0,47,21,0
56,418926C5327A,0,8,80,0,80,0,0
57,E1B4C22E7785,40,18,72,0,89,63,0
58,8484FA8389A3,0,17,30,0,82,66,0
59,7DDC0463AE26,83,4,40,0,83,49,0
60,4EC695D24F3F,58,58,29,6,89,45,23
61,DBB8D193FF22,45,10,43,0,84,61,0
62,436E25853B7F,72,18,81,44,81,81,42
63,0F5879D60008,0,15,85,0,85,78,0
64,ABC4770058F6,83,19,83,22,83,83,17
65,939C163906D1,39,9,47,0,87,52,0
66,0F0813F0146A,0,45,88,0,88,88,0
67,CFDA85021846,58,22,53,0,81,81,0
68,F48EF80D2ED3,35,4,38,0,81,46,0
69,D514ED6A3665,0,21,56,0,84,40,0
70,C0643251A96A,0,16,18,0,86,0,0
71,E6337FDAD05A,0,53,80,0,88,88,0
72,10F8D3AD9F03,0,11,48,0,63,58,0
73,AC78193CD7B9,0,18,88,0,88,23,0
74,6F29B2264805,52,6,41,0,90,67,0
75,A501F5FB719A,81,9,83,89,89,89,51
76,06A3DB5E35B4,54,16,11,0,86,86,0
77,83C27F297E94,41,27,39,0,80,80,0
78,D5D689030CA2,0,25,79,0,0,90,0
79,DF890FC7D48F,0,28,53,0,87,65,0
80,C237996BF240,76,17,32,34,89,53,14
81,190A7CF741CE,0,20,53,0,85,33,0
82,5154CFF4823F,6,13,20,0,83,49,10
83,4C083F3FA3EA,72,30,83,24,83,83,23
84,3FFC2CE0E284,0,24,89,0,90,73,0
85,1E8C298D92CB,0,7,59,0,89,0,0
86,8F0C52187FE6,35,9,84,0,84,44,0
87,1D8FBF99975A,0,47,88,0,88,23,0
88,96A010A50052,19,20,86,0,86,60,0
89,7D378AEFD0C3,46,11,48,83,21,60,32
90,C33B92E8D3FE,10,22,40,0,88,27,0
91,363F69979EAB,72,21,43,0,86,86,0
92,C818ACA9DB76,36,17,75,0,84,80,0
93,A303B199A496,0,17,5,0,87,51,0
94,DC93D8BDE631,28,21,80,7,89,37,8
95,8E2246CF7F85,0,11,60,0,84,36,0
96,4B81975FA4E8,0,9,51,0,35,9,27
97,F7B5465E1AC5,84,19,15,0,84,0,0
98,DDB72DE5A7B2,53,7,0,0,86,26,0
99,E10548412F66,0,25,85,0,85,0,0
100,F3A94AC4FD8E,29,16,76,81,81,81,55
101,03C96AF26E75,56,20,18,0,80,80,0
102,AAFE0E511953,4,15,36,0,80,57,0
103,8FE284BA4D25,29,14,45,33,82,64,28
104,F7E94EADC403,0,70,27,0,88,41,0
105,5E6A91EF5A25,0,20,84,0,87,31,0
106,49FAAE286911,9,18,16,0,81,0,0
107,253AB1BAC707,37,12,82,0,84,52,0
108,6A6651ADD38C,0,15,9,0,84,69,0
109,2D28CE622B8E,0,15,54,0,88,0,0
110,D9376FA15233,90,37,31,0,90,58,0
111,D30E609DA439,53,13,82,0,84,62,0
112,22C152CE5B3E,0,17,82,0,85,65,0
113,8EB905FB00AD,39,20,0,0,89,89,0
114,231FDA202B25,60,43,65,0,81,81,0
115,0A081F215FDE,39,16,85,0,85,85,0
116,F78B66358F6F,75,29,60,9,83,55,23
117,1D5346180BBF,84,26,83,0,84,80,0
118,0B7F3B54E23E,0,32,0,67,82,78,82
119,4223E5722166,0,30,85,0,85,35,0
120,319B2511943D,36,17,43,0,84,64,0
121,8D73796D52E9,48,34,86,86,86,86,86
122,305B4157DD19,11,9,0,0,85,9,0
123,08CC837C9EC3,19,17,82,36,82,82,13
124,023CEE52C08C,0,45,34,0,87,52,0
125,E6FA8C74E0A2,35,13,38,0,89,85,0
126,C9418C26839F,0,30,81,0,81,0,0
127,F9692B89FE21,0,42,15,0,80,0,0
128,DD4953261FCD,0,15,30,0,86,86,0
129,B5F53F784EE2,82,44,81,0,82,11,0
130,0266C68066E7,0,29,85,0,85,85,0
131,01DB053153E0,43,12,44,0,89,81,0
132,718D30F59A16,11,22,45,0,85,56,0
133,18FDF183D4D1,73,14,23,0,84,84,25
134,906B27CFFFA0,55,4,72,0,82,24,0
135,31DB1BDE89A1,0,19,64,2,81,33,11
136,44DBB635DEB1,4,7,86,0,86,35,0
137,0306244BF63F,0,4,51,0,89,85,0
138,EE48F303DC25,48,11,85,0,86,52,0
139,71A434779420,0,43,90,24,90,62,38
140,95D8D99C517E,0,21,55,0,87,87,27
141,36B65EF457C1,22,16,6,0,86,27,0
142,8B4B5C6DD5DA,71,27,36,40,87,44,14
143,2B1C42B1F534,11,2,0,0,81,21,17
144,593E2802E27C,16,24,82,8,72,0,13
145,73B8CA4B266A,0,11,74,0,80,20,0
146,DC834BD755DD,52,23,40,0,82,61,0
147,D470DB16B85E,0,24,83,0,83,83,0
148,11950E4412E5,89,66,89,89,89,89,59
149,239F538B2E45,67,11,59,0,88,58,0
150,5E9118C7949A,85,16,85,85,85,79,54
151,411AE0653A8C,9,8,0,0,77,58,0
152,4510E0D4FDEE,74,11,59,0,83,83,0
153,928B57062E9A,64,26,16,0,79,36,0
154,FE018F15F8A4,0,9,0,0,89,0,0
155,E05ACF2DFCB8,64,13,89,89,89,89,30
156,9FF6EB096167,89,19,89,0,89,70,0
157,905D77AA5E83,20,11,89,0,89,38,0
158,F704BCDD5FC4,16,16,50,0,88,66,0
159,A65BB728AB32,0,4,74,0,88,59,0
160,E595E218D423,11,4,68,0,84,38,0
161,86E5ADAE8206,89,30,89,78,89,89,29
162,4819AB11D62A,0,22,15,0,82,39,0
163,57ED566E615C,17,17,55,0,83,27,0
164,6805FE96E548,44,20,82,60,82,79,27
165,688E61008A5D,23,10,60,13,89,49,13
166,4A4A502DE26A,18,13,0,0,65,41,0
167,0873F94DA728,39,30,80,0,80,70,0
168,899FE6A07507,0,40,46,0,88,52,18
169,C620D8B8466B,65,9,17,16,88,45,9
170,2400C8B565F1,20,15,41,0,80,31,0
171,25A2C11C8748,79,27,85,0,85,32,28
172,8105CDA99A3C,0,0,0,0,86,0,0
173,7DD4965D762E,21,7,81,0,81,66,0
174,7500A3088217,87,28,54,0,87,42,0
175,754CED955EFD,84,26,62,0,84,53,0
176,9CC05FDD1C8F,0,8,90,16,90,54,35
177,9C61ACA70773,33,30,85,0,85,85,0
178,52D49831B279,81,46,81,20,81,81,54
179,23A2D8E5F8EF,0,4,41,0,86,60,0
180,808052FD74DF,0,16,78,51,82,34,20
181,2BAB7EB9E22A,0,52,79,56,80,80,14
182,1ECD38D0E975,0,66,84,31,84,52,47
183,8B095EB24288,0,15,59,0,77,39,0
184,0FDA1BD66918,80,19,32,0,80,77,0
185,49DA281C7585,0,31,11,20,87,17,21
186,BF8116051B9D,46,22,23,6,85,0,34
187,6D6B05E5478D,84,22,84,0,84,62,0
188,62C57C524CD2,0,8,14,2,46,6,7
189,F3E151A8D172,65,44,90,0,90,90,0
190,44D73D95E310,22,14,0,0,84,0,0
191,9FA7B30CC4D1,0,16,13,22,44,7,24
192,34EA7BCEA0FC,0,16,18,32,80,50,37
193,B046369E5206,9,16,83,2,83,66,35
194,0E424AAB5B39,0,39,0,0,75,84,0
195,C535ACEE801E,0,9,21,0,86,16,0
196,B74091BD48A1,14,54,30,0,80,47,0
197,E7C2FE6B860D,87,24,46,0,87,87,0
198,9F203E3DB9F8,26,18,88,0,88,31,0
199,A78A0641A2FF,82,14,21,0,88,88,0
200,BA43E40FDC33,0,10,29,0,70,0,0
201,064E497ED786,31,26,38,0,85,84,0
202,3709B707B55D,43,4,74,0,86,71,0
203,C7A8E7FB21EE,0,33,31,0,85,28,0
204,5836F167C056,50,18,31,0,82,55,0
205,60E368CF51B8,46,4,36,0,80,80,0
206,1F9C60A47E3D,0,12,70,0,84,55,0
207,7B64BC831CD9,0,8,62,0,86,22,0
208,C7FDBAE38C0C,46,13,84,0,84,84,0
209,B1DB05B61A1F,0,42,54,0,85,84,0
210,A39261D4A017,62,20,46,0,81,18,0
211,A23FF67A91B5,38,14,45,0,87,58,0
212,7C32A43580A5,23,7,6,33,80,44,43
213,6D5342D9F89C,25,19,34,0,84,28,0
214,CCF388E0F66C,90,15,90,0,90,89,0
215,66BB82BD76B2,7,11,24,0,76,18,0
216,F2D460AF3FEF,82,12,43,13,89,29,4
217,EE0947EB2C78,26,16,83,0,49,54,0
218,8B4A257DC797,78,20,86,0,86,86,0
219,C5021AF61E5F,86,14,21,0,89,34,0
220,A2F3C27C7CE0,63,12,44,0,82,82,0
221,C39B288CDD5F,0,29,89,24,89,53,26
222,29BB45AA907C,43,6,30,0,83,45,0
223,21730F71662E,84,8,37,0,84,75,0
224,5B2EAD37D5A8,55,11,22,0,90,15,0
225,B970F5895E51,0,2,22,0,83,0,0
226,A550B41E7CD7,61,10,71,0,90,78,0
227,561370B7DC8B,68,30,87,28,87,87,47
228,10E71B56EBDE,0,15,71,8,80,52,5
229,9165D265E932,81,28,83,0,83,83,0
230,B6695545FC89,38,10,10,0,78,40,0
231,CA3BC65D287E,0,36,82,17,87,87,46
232,C4E2EF38E029,0,23,71,0,80,27,0
233,DB1F750E70E1,0,8,24,50,81,0,21
234,0885AF436778,34,64,56,16,81,81,38
235,703C3A3D102B,20,27,24,19,81,55,12
236,8B9455709423,0,24,34,0,84,54,0
237,44EB991E35AA,46,11,47,43,80,71,32
238,4768A4B9E142,18,61,24,0,81,47,0
239,97CF45004451,51,12,46,0,90,0,0
240,557DD5E4BAAD,0,29,40,0,85,85,0
241,271E7282493D,0,22,33,0,87,45,0
242,B52827FC9CCD,89,34,89,0,89,30,0
243,9D7B6188017C,81,25,81,0,81,34,0
244,9BAE97BE9789,45,30,15,0,90,82,0
245,1A88DC345340,0,14,70,0,90,59,0
246,5E0DEE67C111,81,24,49,0,81,81,0
247,A2C06AF1DD3A,65,21,47,0,83,83,0
248,1C2A0066C93C,0,25,53,44,84,23,77
249,DB1B143B6EB1,76,34,34,0,90,0,0
250,DB62AC364AB2,0,8,45,0,82,50,0
251,C2B40B0DCC34,27,19,90,7,90,90,9
252,505E7BE96294,4,48,40,0,83,83,0
253,B39E22A349BD,33,11,64,0,81,81,0
254,29BB51045AD5,0,15,26,0,86,36,0
255,465810444E5F,0,40,80,0,59,17,0
256,503E1602666C,0,13,18,0,80,19,0
257,EA1B8288F9F4,0,11,26,0,82,0,0
258,A6B037934481,69,26,24,7,83,83,83
259,141A60AB7B0D,19,23,15,0,86,47,0
260,5CC94F3773B1,0,26,69,0,90,90,0
261,7782DC357595,0,33,10,13,86,42,30
262,C3C4D847175E,0,25,0,0,88,57,0
263,AFD9DAA96F07,86,29,31,0,86,86,0
264,E05C7F5C1156,82,15,82,0,82,82,0
265,D231A7D9E0BD,36,12,21,0,81,41,0
266,27FF1FD699B1,21,29,81,0,81,81,0
267,8BA8BA5260AD,45,16,60,39,86,83,52
268,C65C1B3AA577,11,28,63,0,84,71,27
269,8C61F2374230,69,16,89,0,89,89,0
270,C0459F75A8DB,81,16,84,21,90,90,21
271,D036DAA5DC63,87,12,56,0,87,44,0
272,F0095A6449E9,0,15,30,0,83,54,0
273,A8A25F94F5B6,21,12,39,0,59,0,0
274,3D19CC6F2F53,0,15,31,0,84,0,0
275,943F3B3FBB17,0,16,52,0,80,8,0
276,A3EF457B5F61,23,30,82,0,89,40,0
277,58358B109222,0,16,36,0,87,33,0
278,80C373189E7C,38,12,82,0,83,36,0
279,6AFC2BA228ED,0,24,24,0,84,38,0
280,B60965F6B17C,0,18,83,0,83,26,0
281,2FDFE1F37A07,31,2,47,86,86,45,13
282,7CF49298CBEF,33,40,60,0,27,30,0
283,241CF8E86F9C,39,15,78,0,85,85,0
284,0EF91AC5D457,0,18,82,7,86,0,17
285,D81FB980878F,50,11,81,0,81,0,0
286,2E7B7DA84C7A,46,34,86,13,86,66,23
287,DD815F136494,0,29,83,0,83,83,0
288,E4F518EFCAEE,0,32,64,0,80,69,65
289,130F9B6DCCF9,25,16,52,28,80,44,14
290,FD311907E3DB,22,12,43,0,81,81,0
291,26A2D097B6CB,82,29,69,37,82,80,48
292,1DA7EAA3CE67,0,26,30,24,14,8,17
293,75CAC98E8BEF,58,29,60,0,82,13,13
294,05F30981F3EB,69,15,83,0,83,83,57
295,9D1F1FD728E3,0,33,71,0,87,36,0
296,B437EB073109,7,17,44,0,88,0,0
297,926ED90DDC14,0,21,64,0,80,80,0
298,CF8ABC3DE382,0,41,29,0,84,84,0
299,38F506B031E1,0,10,81,0,81,19,0
300,4E82D37B94C6,0,45,28,0,79,54,0
301,3206E3F5CA39,21,35,80,0,80,0,0
302,270498B515AB,88,28,88,0,88,88,0
303,E70A8E816E0D,0,37,79,0,80,80,38
304,7503F2114244,0,19,81,48,81,64,14
305,53986279FB2A,0,0,0,0,82,0,0
306,0569AB34FCC3,22,37,68,0,83,59,0
307,060CD5A52BC6,36,15,59,34,86,39,20
308,2F76D50DCF47,0,29,38,0,81,67,0
309,FA483ED371E7,0,10,35,0,87,87,0
310,6262ED336DBD,0,36,90,0,90,90,0
311,F49FF10DA5C2,0,30,27,0,85,29,0
312,4E49BF91D772,81,26,81,31,81,81,24
313,C0611756DF81,16,21,37,0,87,33,0
314,26B43880FD1E,33,12,87,87,87,87,43
315,7BB808935B65,20,16,39,56,82,33,16
316,47D025408E0F,0,22,32,0,85,20,0
317,22ECC2FD37EE,76,16,52,0,88,13,0
318,F00C1DD5FF78,28,18,42,0,85,15,5
319,B84458707731,90,11,90,0,90,60,0
320,187FEAAD43C6,0,37,79,0,83,0,0
321,9B21F354EAE6,72,19,68,12,80,52,10
322,C99E756A724F,73,11,0,13,83,35,22
323,883D374AC02F,9,32,83,0,83,83,0
324,F1D2BA3E0D47,0,8,0,0,85,56,0
325,79887DA7C1B1,61,29,90,73,90,90,22
326,E952D18A70D7,41,26,86,62,86,86,86
327,C13F7CD75B84,0,9,87,0,87,79,0
328,E518FBD13C3A,0,27,90,0,79,28,0
329,0909F689A892,28,13,41,6,87,77,6
330,3D071A53EF80,0,15,28,0,40,0,0
331,0D29A98FE8FB,25,11,13,0,90,58,0
332,96948C0AFC15,43,9,64,0,90,24,0
333,1A0E4BA7410D,0,20,69,0,83,19,0
334,A803835B8164,0,27,45,0,84,84,69
335,43121098266D,20,44,85,0,85,51,0
336,8C7930D181C3,88,18,74,22,88,88,34
337,42D6746FE68C,0,12,30,0,89,29,0
338,6C3B81B109A8,0,35,84,0,84,84,0
339,A39803B6EBE9,82,16,74,0,82,68,0
340,43D48A2CB03C,0,23,78,0,85,0,0
341,2ABF91C208B8,0,11,85,0,85,55,11
342,75C2D5CE58D0,73,26,87,8,87,0,37
343,077FC5CBB132,0,22,45,0,83,20,0
344,567D7BBCEF48,0,0,29,0,83,0,0
345,CC067F0DC876,29,12,36,0,63,40,0
346,69551E79C36E,31,9,85,0,85,85,0
347,53566DEC3EBD,0,15,84,0,84,27,0
348,11BDD8D2F4A1,89,41,87,0,89,79,0
349,BFC4CADADD49,0,12,12,0,83,36,0
350,791E0902EAD5,0,16,85,0,85,0,0
351,D91DF55E351B,0,37,78,0,56,21,0
352,1C554F1D9D75,46,33,57,0,81,81,0
353,E362A8296E6F,50,23,89,0,89,89,0
354,BF195B6C980A,82,19,19,21,88,68,88
355,C5EF5C407C10,27,44,83,0,83,0,0
356,908DDD3BF86B,0,24,31,0,83,25,0
357,F538469756EF,0,11,81,14,81,53,24
358,220A26E7E802,0,8,15,28,90,0,21
359,D62BC508C6BB,24,18,30,0,87,81,0
360,F5FFB56CDD7B,0,38,87,9,87,83,30
361,22416450E0EF,83,37,81,30,83,83,33
362,27DE9583F170,89,7,21,2,50,40,28
363,58CC9DBF6421,12,21,17,71,85,42,51
364,4378E5815F2B,0,26,70,0,84,59,0
365,2612A22EE32D,31,27,79,4,90,84,16
366,339048408CDE,0,9,86,0,86,71,0
367,01604A97F0C3,33,25,65,16,84,35,19
368,36E3A712A2CD,66,11,82,0,82,82,0
369,42DC0DED6A11,0,12,40,7,81,28,18
370,768885A4B61A,63,31,80,0,80,80,0
371,F5A0216C4DEF,0,11,29,0,88,41,0
372,8E3D896212F3,85,5,63,61,85,85,62
373,14CD7481EF35,20,20,84,0,84,84,0
374,99CAD0AF3560,34,18,9,13,86,79,9
375,4225F6D4303A,83,17,83,68,83,83,31
376,D2A7CA1EEFC5,0,24,86,0,86,86,0
377,E6D61167AFFC,69,19,60,9,81,81,61
378,28A7B5B9219E,0,22,88,0,88,0,0
379,20B696B5B9EE,0,19,27,0,80,58,0
380,838AA0C9A269,31,0,25,83,87,87,8
381,74FFF7DC9E4B,78,37,86,0,86,86,0
382,790196745178,0,17,19,0,81,81,0
383,C0BC4F5DCB79,0,15,70,0,80,26,0
384,3321A3E87AD3,82,23,40,0,82,80,18
385,D66B89FC3757,59,16,37,0,80,80,22
386,E60A91172B20,0,15,23,0,89,51,0
387,2F0430BB0184,0,22,30,0,84,48,0
388,1BEB13D46E9D,0,12,54,0,85,0,47
389,BC22AA8852AD,0,32,53,0,80,72,0
390,E8D55D0C4BAF,80,16,80,0,80,80,0
391,9715D8D6F842,0,28,61,0,58,54,0
392,0EC6CB60A702,27,22,36,0,84,70,0
393,290C7EB656AB,0,38,38,15,80,16,16
394,844406CFDCD9,0,14,76,0,87,87,87
395,3E2162BC32F6,0,12,41,0,81,72,0
396,7B751C9BE162,58,16,86,0,86,80,0
397,4E4D7800BB10,0,10,87,0,87,47,0
398,6B4F37D30E7C,45,55,77,0,82,50,0
399,1E235AB03C8A,48,6,69,0,90,66,0
400,09601E40B377,0,15,0,0,85,0,0
401,BA30863CDECB,0,11,67,0,82,52,0
402,BB73F328D545,0,44,65,0,55,89,0
403,9869D38D9EDB,6,29,77,0,85,0,0
404,1F0A1EA2D49B,81,18,21,0,81,36,16
405,EA2B5EB1DFDA,46,20,84,0,84,84,0
406,55B23DF63AEC,24,21,42,0,90,36,0
407,9B8E46362E43,0,23,44,27,90,54,7
408,EF23CA70CA1F,74,15,62,22,83,83,36
409,E249399CA04E,0,9,87,43,87,87,16
410,CC27DF7CB308,16,57,84,0,84,84,0
411,3AAF5AE486B2,0,6,57,0,83,39,0
412,7F84D437B36C,0,18,76,0,90,0,0
413,350376FA39BD,0,11,26,38,89,20,61
414,3AB30AB267DA,0,8,71,0,87,36,0
415,C9CB05ABAE95,0,10,58,39,87,49,24
416,08C34A980940,0,8,54,0,82,82,0
417,37D329C27338,0,32,40,0,88,72,0
418,86052928ECB9,0,35,45,0,81,38,0
419,90B7EBED2F5E,0,4,39,0,86,43,13
420,9F7BBA5FC646,85,37,85,0,85,85,0
421,C17BFEC19D9C,87,15,12,0,87,36,0
422,169B43A80D26,0,16,10,0,84,46,0
423,9B833E0B141D,10,8,80,0,80,43,0
424,0E8939D81B95,0,16,27,0,87,20,0
425,A47BE7BB6F08,0,21,84,0,84,0,0
426,D24723E8008E,80,33,63,45,80,0,21
427,02FDCCA0C7D2,68,22,84,0,84,84,0
428,08A6AD8C775B,0,40,0,0,87,0,0
429,A0F1B1F7D109,0,21,35,0,87,59,0
430,C163D52B6F43,0,27,32,0,85,27,0
431,202C16A5B108,0,6,38,0,41,8,0
432,AC04DCF3041C,0,16,57,0,84,39,0
433,2C283B3AD1F5,71,7,76,2,87,42,9
434,F2941764EE14,8,6,51,0,88,63,0
435,232936504C18,0,16,49,0,80,34,0
436,04ACF5873DE9,8,11,60,0,88,39,0
437,63497CF4DD0D,45,18,89,0,89,89,0
438,868D445794AB,0,17,81,15,81,81,22
439,F71A1E42E4B5,52,13,21,0,77,65,59
440,46CC604487AB,43,14,55,0,85,0,0
441,8BFC5B17C5AF,36,14,39,0,81,51,0
442,765FE8D30F1A,60,8,24,0,86,80,0
443,BD0A4A94AC7B,88,11,88,0,88,88,0
444,7A5D38D49C13,57,33,83,0,83,83,0
445,8CE86A8F7EE0,0,16,41,0,89,30,0
446,8EBD2CC376A9,88,17,71,0,88,68,0
447,77B24A0D87C0,12,16,82,0,84,19,0
448,10B28752BA07,83,37,84,0,84,84,0
449,BEFEAAA5B388,0,11,41,0,86,48,0
450,82E21B844F8E,41,17,73,0,83,28,0
451,255F29455E8B,0,22,83,0,83,63,0
452,EE6CE96959D4,0,36,57,0,85,21,0
453,A41214DF1DC5,77,64,84,0,84,84,0
454,7A532625FFDC,63,10,90,0,90,37,0
455,366BB66B5A89,32,14,81,0,81,66,0
456,6141232BA814,0,32,17,0,80,59,0
457,F33BC3C2DDF3,0,15,37,0,85,0,21
458,52779E469111,19,79,50,0,85,85,0
459,33F87143A0AF,53,33,60,0,89,89,0
460,7936460A2B7B,56,14,80,0,80,56,0
461,EF9D79A33BE7,0,37,19,0,86,31,0
462,2187FAAB11BD,61,37,84,23,84,56,18
463,D20BEF9C2CD7,42,15,40,0,82,0,0
464,68F9DF667783,0,14,6,0,86,13,0
465,4B048F74F3E7,0,13,36,0,87,0,0
466,2DA4174A3B84,0,23,70,0,84,84,0
467,A1D7774A54B4,12,11,81,0,81,64,0
468,63EE52366E69,90,18,90,0,90,83,0
469,44E7D4E2BDE4,58,12,56,0,84,62,0
470,0214F87B86C3,77,15,82,0,84,84,0
471,728DD08A8342,0,38,88,0,88,88,70
472,51E211998DF0,82,18,13,0,63,18,0
473,1C7E0D499FBB,56,20,17,0,22,77,0
474,2440CD90B084,0,11,84,0,84,74,0
475,F6FD47E8BDA2,63,35,51,40,81,81,34
476,D14EF715D1E8,0,4,75,26,76,54,21
477,34C979F3ABAA,11,12,12,0,84,25,0
478,FF35257B6394,0,44,43,0,88,88,0
479,B00B5447FE83,0,12,52,0,87,0,0
480,1B3701EE4951,0,12,48,6,83,51,9
481,291AAEA628E1,24,27,40,0,85,0,0
482,F1A9A822A619,0,9,16,0,50,4,0
483,BFA821713F92,0,18,68,0,85,85,0
484,3AFA78FFFC15,0,44,82,0,82,80,0
485,60C183CFA58F,88,39,88,0,88,88,0
486,AAA9670F8168,48,63,69,0,86,86,0
487,C3D2BC13EC00,24,12,30,0,86,47,0
488,076DBAE9AA98,7,50,85,0,85,22,0
489,F0D1114C5782,17,2,72,0,80,0,0
490,6AEC3D4895A7,61,17,30,0,86,86,19
491,1F20005BEBB6,0,34,86,0,86,0,0
492,B5BB734A713B,46,33,79,0,82,82,0
493,FB5189EE173C,0,60,45,0,88,32,0
494,2A7755E94148,0,53,20,0,88,43,10
495,6F326F032E91,0,9,49,0,87,0,0
496,725C2A19D865,0,37,82,9,82,82,23
497,CD33A5B0A307,0,11,50,0,85,0,0
498,3493BED78E8E,66,21,26,33,81,81,9
499,68486609C73E,0,30,89,0,89,89,0
500,65922C6DA1B8,89,19,89,0,89,89,0
501,4A287820DAAF,0,13,48,0,89,48,0
502,9699E5B44D07,31,14,20,0,83,12,0
503,7CEB4836BAFA,0,18,21,0,55,0,0
504,371834E7E1DD,30,66,48,22,81,81,4
505,89D5A08E50C9,0,6,22,0,84,53,0
506,C15D43BE8BD6,11,50,57,37,90,48,9
507,451768D7641C,67,17,48,0,86,86,0
508,5662D458F65C,41,16,81,0,81,17,0
509,9F0900A01266,48,30,85,0,85,85,0
510,C421AAB77B7E,0,9,90,15,90,90,22
511,7429789954ED,44,18,36,0,82,82,82
512,8B537610A20A,82,17,34,26,82,79,28
513,9756E31C449F,59,22,31,67,90,90,53
514,84EC5D05E3E2,28,64,84,0,84,84,0
515,9976385A501C,24,43,26,36,82,43,67
516,EFD3322BBB77,16,14,14,0,82,65,0
517,A00DAFA2E4E8,78,72,13,0,80,0,0
518,912217409B39,0,16,26,0,85,35,0
519,59DE92B483E3,0,32,47,0,82,0,0
520,3A33CD269EA2,62,17,0,0,83,0,0
521,09EE9A3D3248,0,34,14,0,85,68,0
522,2972D08D5CFE,53,21,39,0,80,84,0
523,2C6DB9C6008B,0,23,77,0,86,86,0
524,767A8DA91E69,15,29,73,0,85,49,0
525,F93D06BC99D8,88,25,88,0,88,88,0
526,0347FB2B37A9,0,46,16,30,81,18,27
527,DBF35E9F40A2,0,17,13,25,74,53,59
528,D815B0814A62,0,56,56,0,88,25,0
529,23D0D3FA97F1,0,46,45,0,82,56,0
530,FB4C199449F3,75,23,41,0,90,90,0
531,3C1431342B09,0,4,30,14,83,0,7
532,0730ACD2E23E,0,21,88,0,88,0,0
533,06E1A0DC956F,47,28,51,0,82,37,0
534,F348A404E38B,85,34,72,0,85,38,0
535,DC67C20F18B4,21,25,38,0,84,81,0
536,432CB89FC7C2,0,23,20,0,81,0,0
537,467C029B1A48,42,43,82,0,82,82,0
538,81BC51842FBB,41,17,68,0,87,37,0
539,894DEE374CA7,0,9,37,24,81,73,25
540,45CBE29D23E0,84,65,84,80,84,84,61
541,ECA4D673EC46,39,36,45,0,83,79,0
542,28E2327785FC,85,29,85,0,85,85,0
543,8502CB843934,0,36,87,0,87,58,0
544,FE753233249B,0,17,19,0,84,42,0
545,5976F16FE9D2,80,38,80,72,80,74,29
546,A7EB29E9B6E4,0,29,90,0,90,67,0
547,71F33736072F,0,11,71,0,82,61,30
548,7B57528DA2B1,40,11,84,0,84,71,0
549,BDB04C58DD28,0,27,62,0,81,47,0
550,97BB5ABEBCB1,28,19,86,0,10,27,0
551,3A22A2432F99,0,17,84,0,84,84,0
552,6B0FE655BCD1,74,19,72,18,88,0,20
553,8529C0D322A2,25,26,54,0,90,69,0
554,5EFC63975196,84,20,84,28,84,84,47
555,4F225B82A62C,48,10,11,0,80,79,0
556,E03ABEC27E0E,66,16,84,0,84,84,0
557,077A62D46D30,88,33,88,30,88,88,88
558,952F78B59D87,0,31,76,0,82,8,0
559,784ADFA51958,0,12,89,0,47,44,0
560,5E85F1FB4E22,0,0,0,0,86,0,0
561,3B563576DE31,48,22,85,0,85,0,0
562,1B9CD4058350,0,15,68,22,85,24,36
563,3C35ABD78529,69,30,14,0,84,0,0
564,FE3CA06DDCA1,8,14,10,0,86,30,0
565,0F3BCECF9901,49,15,74,0,89,68,0
566,3387D697D9AA,0,20,61,34,80,55,9
567,6E18981CEAAD,24,32,81,0,81,81,0
568,8CEA3DF656A8,86,21,86,15,86,69,21
569,3F0AD038A0D5,0,19,56,0,89,47,0
570,C9B54F945C52,80,8,54,0,89,23,0
571,BA4C6C9586DB,0,16,62,0,90,49,0
572,7F77FE73B338,11,12,57,45,87,43,87
573,BE400D3E9018,0,11,81,0,81,73,0
574,DE995A14B51D,50,31,31,0,86,86,0
575,0F46DCC0C738,41,41,49,0,87,82,0
576,79CF90622262,0,15,65,0,42,85,2
577,021B23C3C2C6,30,51,86,0,86,86,0
578,426B322D25DA,0,28,22,0,67,52,0
579,99B930E4932D,10,2,15,0,87,38,0
580,AC89F6717544,89,26,89,0,89,71,0
581,84A55E13EEC1,34,6,50,0,88,15,0
582,535D71E8C000,0,4,0,0,87,0,0
583,E1EC4869981F,0,52,74,0,87,61,0
584,A52526F650F3,0,32,81,0,81,36,0
585,AF80A43C5FC9,0,16,16,0,88,0,0
586,8A57EE89F26C,37,2,64,0,86,0,0
587,19D04291B198,0,27,73,0,89,35,0
588,3E9AC2434A7F,80,9,80,62,80,80,23
589,0719DE650EE5,0,9,30,0,88,0,0
590,56F4DD4B33D1,0,24,67,0,85,85,0
591,5BCE3F6D4C83,16,32,84,0,84,84,0
592,8E8A45F5F68F,0,26,57,0,84,37,0
593,EF1F075952C8,17,21,30,0,57,59,0
594,8172F9426183,85,29,33,0,85,85,0
595,017302FBA532,52,15,71,0,84,0,24
596,F503C7DC334F,50,52,44,0,82,82,0
597,5BBC05802470,0,28,68,0,80,0,0
598,722AB94D10BD,0,10,66,0,82,56,0
599,8624720F50AA,0,18,31,0,89,0,0
600,17D2212B02FC,33,26,89,0,89,67,27
601,9F0C2B822B76,86,22,0,0,86,45,0
602,B9871E7972A3,82,20,82,44,82,82,30
603,54A8F5B2420A,80,46,83,2,86,86,20
604,613CBD2CF874,0,15,80,0,80,58,0
605,0F25CB63DBCC,0,24,85,0,85,76,0
606,AFF79308B815,25,9,26,0,68,78,0
607,CAC4E6021973,84,84,84,0,84,84,0
608,E371C87F4562,18,4,84,0,12,40,0
609,9560CB5AD3D1,52,15,81,0,81,81,0
610,8212DA6D0656,71,11,53,6,89,74,28
611,8DCA8AB16C24,32,6,16,51,90,49,15
612,9256EDDD856B,59,36,82,0,82,82,24
613,FCB208A4710C,10,16,14,9,84,4,18
614,E2C5E75AEB85,26,8,35,6,76,37,16
615,1715A8524539,0,9,19,0,89,59,0
616,54EC5A090FB2,0,52,79,0,86,45,0
617,D63D952309C4,38,18,89,0,24,57,0
618,D3E723651DF3,73,30,64,32,85,81,24
619,F173E4A2271E,0,15,29,0,82,82,0
620,0A7BE40C2E4C,11,16,15,0,89,53,0
621,FAC1A3B4097F,0,17,88,0,88,88,0
622,10F1ACB5559E,0,28,42,0,87,57,0
623,7241A8C1844F,0,9,86,0,21,13,0
624,3B2A626DE2B7,45,24,43,0,88,88,0
625,4631AFEED2F7,0,25,82,28,82,44,22
626,AC84213A7FB4,0,15,73,0,84,84,0
627,6FB3CB37A6B1,63,11,83,21,83,83,16
628,1FEFA2458071,0,20,85,0,85,85,0
629,B6D6889E36A1,0,20,40,0,90,90,0
630,FF0FCC95E73F,17,15,84,0,84,54,0
631,87A6EF3113C6,0,71,80,0,80,80,0
632,C8F314FFCCE9,0,18,16,0,88,34,0
633,769F4CA4E31F,75,6,68,62,86,65,10
634,48DF9E5125A3,66,32,83,0,83,0,0
635,A7BD93C544AE,52,20,22,0,83,0,0
636,FE69FBDD5681,7,11,86,6,86,48,19
637,2A2CDE97B76F,22,26,74,0,90,70,0
638,1BA91BC3D89A,83,13,47,0,83,83,0
639,22DB84B437CC,51,16,40,0,80,76,0
640,5DB8A4809D87,82,16,16,0,82,82,0
641,D45516C802DF,81,20,68,38,81,52,13
642,9579947BE786,85,50,81,0,85,85,0
643,57FEF4F70CB1,0,16,54,0,86,8,17
644,05B7173F6A11,76,43,55,0,84,84,0
645,2766580B8D9A,0,17,32,0,89,0,0
646,3E89989D6585,12,6,31,0,80,73,0
647,2FF6C7542D18,80,16,80,0,80,80,0
648,42C21E40DDBC,54,19,87,0,87,73,0
649,6100B2E44919,0,47,20,0,89,0,0
650,AD9DF5656D88,87,22,87,0,87,87,0
651,9D9F53F9EB5C,89,16,23,34,89,83,24
652,F733B1C8CB49,36,21,72,0,86,0,0
653,639AB094CEB1,0,9,4,0,45,0,0
654,56C208138AC9,0,8,9,0,76,0,0
655,D51B0DF8AEEA,84,13,84,0,84,84,0
656,946581583AA8,0,47,75,0,80,21,0
657,90CC6AD0B385,0,7,78,0,89,40,0
658,4727C5135BC7,24,60,39,50,81,81,79
659,8055A3DA8CFF,85,31,85,23,85,85,16
660,7BDDEB63EE13,11,13,63,0,81,81,0
661,085CACF9DE2B,28,16,88,11,88,88,52
662,85E48EAD158A,71,16,40,0,85,0,0
663,98C855AF1F41,25,14,75,0,84,78,0
664,209523F52F65,0,12,47,0,82,28,0
665,89163FC7FAE8,26,37,0,0,89,53,49
666,A33B9D112E23,13,8,67,0,81,81,0
667,2634F01562BB,0,8,9,15,61,14,10
668,B2343ABCE020,0,10,28,0,87,40,0
669,34A5BD11F79F,0,25,69,0,58,0,0
670,1F0FE892EC33,64,20,43,0,81,57,0
671,3542AB52FF6C,0,27,49,0,82,72,0
672,2DE95E7D6776,34,24,83,0,83,47,0
673,2C871443D686,0,37,9,10,85,44,7
674,73800CBD3F1A,0,11,11,49,85,16,18
675,1F8DEBD4D55C,0,12,38,0,80,43,0
676,327035FA794C,24,20,24,44,38,36,26
677,DEA8B37D9FB0,56,24,78,0,83,64,0
678,E2669D67879F,13,2,46,0,82,0,64
679,4E83F1166BA9,0,52,66,44,89,48,16
680,2EABB5D7A218,13,24,60,7,87,72,8
681,0961B819A4E9,0,30,64,0,89,15,0
682,844785BC63EE,0,18,64,0,84,45,0
683,1449A333A335,55,30,80,36,80,80,27
684,787BA22FD1CF,0,26,46,17,74,15,22
685,2C737A1FDB6B,0,4,42,0,89,0,0
686,0A5B8761B187,0,5,25,0,58,0,0
687,F1A43B355944,0,19,39,0,86,41,0
688,2945D26BEE91,80,21,70,0,90,29,0
689,6DC268B2F2F3,26,14,89,0,62,42,0
690,4483D41956AE,81,34,48,0,81,42,0
691,F955CE7D650C,69,21,35,87,87,87,87
692,37639BD95ADE,0,12,62,0,86,0,0
693,6058577A0EB1,0,18,35,0,47,24,0
694,D26D8E38326A,34,26,17,0,81,44,0
695,6F136BBBBF5C,0,35,89,0,89,0,0
696,87A8B315A26E,0,15,20,10,85,56,13
697,E9E6AC0ABFB1,0,60,80,0,80,80,0
698,EA799C43B004,0,22,14,0,37,22,0
699,143881605B57,59,29,46,87,87,80,43
700,58D4330D6F28,55,29,45,0,84,63,0
701,974719E1E338,13,18,36,48,84,24,10
702,93106B20FE87,0,23,32,0,81,18,0
703,D30614F0911F,67,11,40,0,89,89,18
704,3812A97C2055,13,10,49,0,90,42,0
705,C2F4EDC43D71,0,19,89,11,89,18,21
706,2CD086E87F2D,34,22,47,25,83,83,57
707,16BC1308032A,0,58,28,0,82,75,0
708,BDEAAFE68AA1,0,19,64,19,90,90,12
709,A4E6318615AE,0,7,60,0,83,72,0
710,A25EE918057D,0,21,0,0,84,0,0
711,5DB370AD8EFB,0,11,90,0,90,59,0
712,6C166210EA4A,39,10,45,0,90,90,0
713,FFC43F453EF6,0,12,38,9,82,16,85
714,C1B1FC1F48AB,41,12,46,0,82,0,0
715,04AAE2E8EFB4,24,14,37,0,87,54,0
716,BE134CD245B0,0,6,60,0,80,0,0
717,3CDDA85AA3C7,81,40,81,6,81,81,32
718,6454763B703F,87,28,87,60,87,87,46
719,95D641A74BF1,0,31,70,0,90,90,0
720,441A5D13BCF3,61,18,80,0,80,80,0
721,5412AD81F965,87,20,87,87,87,87,45
722,9173EBA64B3E,0,18,28,0,80,55,0
723,4935331A535E,90,8,64,0,90,64,0
724,3215F95D4312,37,10,84,0,84,36,0
725,907CA5724D42,86,38,12,86,73,78,86
726,EB75B595A8E1,60,18,19,0,85,48,0
727,75A181667B98,23,14,76,46,81,81,17
728,A6B3770935B6,0,12,59,0,87,0,0
729,7FF913791DB0,0,0,49,0,87,63,0
730,C9A1E85BF75F,0,15,21,0,81,46,0
731,8E4FC53A15E7,66,11,16,0,90,39,38
732,579C38EE157B,32,25,69,0,87,81,0
733,E520A6FF2F3A,0,16,17,0,90,78,0
734,B111395C3C6E,0,11,85,0,88,36,0
735,0D660B4F76B4,42,14,16,42,41,76,60
736,FE3973324F8B,0,11,36,0,82,31,0
737,21A20247B3BC,90,18,75,78,90,90,90
738,351D13492B8C,84,34,57,0,84,42,23
739,A21A69767BEE,0,12,79,0,83,75,0
740,3CFA497859E6,0,13,38,0,86,0,19
741,437E9376FB71,22,21,89,0,89,89,0
742,2CE045D2EBA4,80,24,80,0,80,80,0
743,95DE5CAD1310,16,47,0,0,89,64,0
744,BB705FBA29C7,0,57,60,0,83,26,0
745,634DEE9B6FA1,0,16,65,0,82,56,0
746,AE7DE878CED5,69,25,52,0,83,83,0
747,A975CBC4A7E8,81,50,79,0,81,23,0
748,D8DDA0317E6D,84,49,42,0,86,86,84
749,9C0672FF9126,0,20,70,0,80,10,0
750,13E8EE063566,0,22,11,0,88,26,0
751,0CB3A4D9ABF9,80,16,74,57,80,80,58
752,B5FF33681C22,54,18,66,0,89,80,32
753,9078542008BD,0,14,80,0,84,51,0
754,901E4717A246,35,10,19,0,47,30,0
755,95AF46110F14,72,32,65,0,83,83,0
756,01A4CE59DEBA,80,52,80,0,80,33,0
757,53BA0A8722FF,44,14,68,0,87,85,0
758,38CD6004BEFE,59,19,62,0,80,36,0
759,33E67D072963,0,29,39,25,81,61,15
760,1830EFB03CF9,27,39,45,0,87,87,0
761,6B4829C2E5E2,0,18,88,0,88,46,0
762,BECFCA5BFABD,0,36,40,0,84,58,0
763,897B3478DC01,90,12,74,0,90,90,0
764,83AAAD315F57,0,22,30,0,72,0,0
765,943611A73135,0,41,88,0,88,88,0
766,BEE1B9179E2C,35,12,15,0,61,20,0
767,55AABA963576,72,16,88,88,88,88,48
768,96141BA9C7BA,24,19,24,0,46,52,9
769,447812A6FB58,57,17,13,0,81,43,0
770,3DD087E2F62A,28,18,64,0,89,36,0
771,87186C957B20,0,35,31,0,41,2,0
772,496F3A8F4F7D,0,13,59,0,90,58,0
773,052BD823F2E5,80,16,6,28,69,0,8
774,1DCF42D2B503,0,26,87,0,87,77,0
775,85F85936F1E6,11,15,57,0,86,48,0
776,B92B378E1264,49,8,54,0,83,39,0
777,AEA5258DB0D5,0,14,74,0,89,86,0
778,2304F1CAF693,46,10,43,0,85,51,0
779,8E45DE0539F8,30,10,16,0,82,0,0
780,5701AD1221EC,83,15,83,0,83,38,0
781,568EF23DE225,4,13,18,0,80,66,0
782,83948102B382,85,2,85,0,85,23,0
783,5DAF24E0E18F,82,17,21,0,82,69,0
784,B56ABAADC95A,14,26,86,10,67,0,10
785,D6561FF31782,0,24,69,0,87,19,0
786,A34B33AEC0E3,15,7,25,0,77,21,0
787,87958B77E2DC,23,25,69,0,90,55,0
788,A293591DB50C,0,29,22,0,88,25,0
789,A148C659E98B,22,19,69,0,44,0,25
790,66FE148BE39B,53,11,20,0,89,28,18
791,F33EB52BBB43,70,9,69,22,88,11,71
792,F36C5149D0E2,0,28,53,0,80,65,0
793,C5566100FDF2,0,21,39,0,86,19,0
794,CE6645D21A3C,15,33,30,0,56,20,0
795,3D92B2FC5FE3,77,17,19,0,89,89,0
796,B2C1191E4FEF,9,22,49,0,21,40,0
797,44D318388E8C,66,37,83,42,83,83,44
798,60C9C0AC9F48,90,21,57,0,79,0,0
799,48F9170156DB,0,27,87,87,87,40,36
800,9FDB425F1FE9,90,9,52,90,90,57,59
801,A37EC2666F34,0,18,73,23,81,49,22
802,A70A57F5752D,33,7,57,0,22,0,0
803,0BB0E957B6FE,0,12,90,0,90,0,0
804,E1C63EC43E07,85,11,86,7,86,86,7
805,A46BF87BBB48,0,31,29,0,86,38,0
806,EE2FC4219F49,0,25,81,0,81,61,0
807,FF3F4514BF85,45,14,88,0,88,65,0
808,0C952A71922C,0,11,32,0,85,55,0
809,9B55594B1361,0,16,17,0,87,0,17
810,148CA62EF887,0,25,70,34,82,25,82
811,9C9F8BC72552,0,15,81,0,81,29,0
812,15E317EDD7A0,89,8,89,0,89,62,0
813,034E502BA811,87,13,45,0,89,0,0
814,EF9A07AA611F,0,24,89,0,89,54,0
815,E0C57C8B7FFA,0,61,82,0,82,82,0
816,F74C46C14E72,39,7,84,0,84,47,0
817,5341197C5A59,86,13,86,24,86,76,41
818,A4D269D38816,35,10,43,0,90,66,0
819,66ABFA4DA3A4,46,27,63,0,88,68,0
820,C3B3A972189C,33,11,77,0,89,53,0
821,38066765F81C,0,35,58,0,55,38,0
822,5D44D3B6B7C3,90,42,90,39,90,90,17
823,0F78E96FEA65,22,16,24,0,84,84,0
824,10ABD322F49B,62,20,70,80,80,80,55
825,C01FA8D18879,0,4,69,0,90,60,0
826,00E3F86E3E6A,0,18,20,11,14,23,14
827,786CC75D9EEE,18,13,59,0,81,64,0
828,ED0C40B8C17A,0,19,82,0,89,89,0
829,DDA2CF2BE431,0,21,29,11,28,19,18
830,E95621C07D95,29,22,43,0,90,23,0
831,6575CFE1F211,32,16,46,0,90,86,0
832,D9DD8E066439,0,8,80,0,81,58,36
833,29D0DC8107AC,59,25,85,11,85,31,85
834,9C2D29720675,88,40,88,54,88,88,34
835,883880ACBA01,24,12,41,0,83,71,0
836,A661A21F0F49,35,24,49,0,87,34,0
837,763EF698F56B,2,11,45,0,83,0,15
838,4BC0F772980D,0,37,59,0,88,16,0
839,273863D43441,19,16,81,7,81,34,4
840,82514A286403,0,11,39,0,86,0,0
841,C9C826197027,0,0,62,0,78,39,0
842,489309043FA2,0,13,79,26,82,56,24
843,8F456999E008,0,8,18,12,78,22,10
844,DC6CFA683430,32,13,16,0,84,50,0
845,77BED65EE51B,0,37,86,0,86,86,0
846,566A09CAF64E,0,11,19,0,80,80,0
847,8E915F00ACCE,0,29,67,0,87,0,0
848,951B691D3564,81,21,81,0,81,81,0
849,885BB9CEB593,0,34,88,0,88,88,0
850,6794A463D2C5,84,13,84,84,84,20,62
851,611228818239,85,22,62,22,85,85,70
852,5219253594A2,21,31,83,25,83,11,15
853,5E226FB79B69,0,19,85,0,85,67,0
854,C7C9C01597EA,0,19,74,0,85,51,0
855,32D963437AAA,65,35,42,11,82,82,13
856,15E106AF20A7,61,30,12,0,84,54,0
857,8003F62C4A0C,90,40,90,84,90,90,26
858,66AA8E8F6789,80,43,80,0,80,75,0
859,EBDBA726D479,79,28,89,0,89,89,0
860,FA49F4D9E6A8,63,28,88,19,88,88,9
861,32C41C1CBA06,26,40,85,24,85,53,27
862,B900AB9B5FEA,78,16,45,0,88,88,0
863,FDA09342D0C4,47,30,12,0,82,32,0
864,2AD8252C829F,52,32,85,0,85,85,0
865,04AA83899997,0,28,40,0,86,48,0
866,7B74A22F8230,80,22,39,0,80,80,0
867,FB528A6DAF0C,0,18,19,0,85,30,0
868,A4E6E2D5658D,87,18,87,0,87,87,87
869,E490CC452ADD,65,58,90,0,90,90,0
870,41EE2492D913,0,2,7,0,80,0,0
871,13AF1E268C99,68,39,76,86,86,86,83
872,E50FFE5F378A,0,30,29,0,80,80,0
873,D4BFB840A534,0,38,62,0,72,0,0
874,F8503314C44F,78,14,65,0,87,87,0
875,7526E274A25D,88,22,42,30,88,88,83
876,11D0BB882C79,11,14,80,0,0,19,0
877,A27D968DED18,85,13,65,0,85,72,0
878,0DF2DA5C58FA,76,30,85,0,85,85,32
879,EDE92E1840FE,9,25,10,0,85,22,0
880,5DAE5C8E951C,8,68,57,0,81,81,0
881,301D48946CB9,68,13,63,0,90,0,0
882,5223640D0D11,0,7,45,0,85,50,0
883,9F41CA8538FC,0,24,17,0,85,47,0
884,B63EAF46C812,0,16,58,0,84,37,0
885,79E32F48A399,0,22,0,0,83,0,0
886,3583374DF150,44,22,78,0,81,32,0
887,A49DB22C8767,0,13,52,0,89,0,0
888,9BDCEB68149D,15,17,38,9,78,0,40
889,6C3DE9491C5E,85,23,32,0,85,79,0
890,EC8FCCDB698A,0,9,62,0,86,0,0
891,6A2FCEB4F2D1,69,25,15,0,85,53,0
892,192A27F0608C,0,17,0,0,82,0,0
893,3CA87DA162B5,58,11,85,0,88,45,0
894,6F3385358F75,90,23,52,0,90,59,14
895,1B4E66B0BE0A,0,16,53,0,84,40,0
896,4C60445C5681,0,17,11,0,88,34,0
897,FBE8983EF69C,79,24,86,0,86,86,0
898,7820048B53C8,38,38,75,0,63,0,0
899,85983B2516C5,0,46,90,26,90,90,19
900,D95F3FAED1D1,14,7,27,0,84,28,0
901,B7D6C2BADE28,0,10,48,0,77,55,0
902,1033B94279B0,15,24,90,0,90,79,0
903,560E63BEB028,0,41,50,0,86,22,0
904,F1B408D44166,17,15,45,0,83,38,0
905,D68F66581BF1,0,32,80,0,38,27,0
906,88FD7FAAFA90,21,15,81,47,88,32,16
907,5DDEE376DDFD,50,39,15,0,83,0,0
908,67B143000AE2,71,51,49,21,87,87,26
909,566866758AC7,45,23,42,0,88,30,0
910,99EBD3D71311,81,41,81,0,81,81,30
911,6848515B048E,30,11,88,0,88,64,0
912,75C65F266CFD,50,14,37,0,82,24,0
913,36EE2607AB46,0,54,37,0,83,83,0
914,546814251485,32,8,48,0,84,43,0
915,4F112B2712E2,0,47,68,64,66,33,80
916,57846986862C,56,14,85,0,89,89,0
917,13E8A2F76C57,15,9,40,0,88,40,0
918,DD920BDB7C4B,0,20,43,0,87,22,0
919,534353848265,77,14,80,80,80,80,28
920,1D620B5FACBD,31,20,14,0,83,62,0
921,F4286847E64E,0,29,14,0,86,38,0
922,D25C3B9925E3,83,16,47,0,83,42,0
923,F05E4787F954,42,26,62,0,88,65,0
924,BE34F8528793,70,12,55,0,80,69,0
925,A15A51E83757,0,32,37,43,84,36,63
926,822E82F52977,0,12,82,0,82,56,0
927,69557F301498,49,28,15,0,86,35,0
928,B295BC411B70,0,13,81,0,81,41,27
929,D6D4A77F4AAA,81,9,81,0,81,81,0
930,8F7C21724491,44,16,84,0,84,21,0
931,3FCF105719BA,67,12,0,0,69,22,0
932,82EBC44BF351,0,18,20,0,84,47,0
933,CC4B93E84451,0,17,62,13,82,34,16
934,A338F87BFB2E,46,13,74,0,83,65,40
935,F1FA12A05439,90,11,83,0,90,71,0
936,9A529A48D35F,0,7,80,0,80,40,59
937,7EC1D82F6D8E,32,17,62,0,88,73,0
938,34F016931102,0,20,85,60,85,0,74
939,855398650C01,0,12,82,23,90,26,2
940,1C592378CBD1,85,23,85,0,85,85,0
941,A1CDD5F607CF,44,34,88,0,88,88,0
942,9EB7C8500032,76,34,36,0,88,88,0
943,24B659FCEC04,0,11,30,0,88,38,0
944,07BA21CDD703,0,10,27,0,81,14,0
945,FF9DB9D43F72,20,35,22,0,81,81,0
946,4F4AF32BE55E,0,16,25,0,87,16,0
947,20644ECC874C,0,30,77,0,71,12,0
948,0CDCC84B9EA9,0,6,83,0,83,83,0
949,25C37AACECA3,0,18,83,0,83,0,0
950,E91C501B7AFA,0,32,43,0,90,65,0
951,5A3EB7A7A627,0,14,57,0,86,0,0
952,28ED24DB496C,0,48,19,0,81,73,0
953,3A89C7263176,0,56,80,0,89,35,0
954,D0CE35FADE7A,0,21,45,0,90,20,0
955,9CC56462B5A0,34,24,86,0,86,46,0
956,64BD20F9CCC8,12,10,82,0,90,90,0
957,A0ECCACB0C5A,0,13,45,0,88,21,0
958,88FC05DDCC92,0,20,31,39,87,87,24
959,D232361A935D,46,7,17,0,83,0,0
960,9A0DF8D428F6,23,27,47,21,84,0,28
961,4FD419552863,0,17,80,0,80,35,0
962,82F9B04E9DB1,0,13,87,0,87,0,0
963,04ED5F75647F,0,26,81,0,84,84,0
964,BFE940496658,0,10,81,41,81,81,48
965,5BDF483698A5,64,42,58,0,81,0,0
966,71E9F0BA4A2D,61,18,29,0,81,0,0
967,8FA202BD4570,47,14,80,0,80,47,0
968,5CE0E9A7214D,0,16,0,0,71,38,0
969,2A665076893F,12,21,12,0,88,52,0
970,48B9473D0DAD,0,11,18,0,84,60,0
971,F11F7F15AC08,28,23,27,0,80,63,0
972,DEFF54715296,29,37,50,0,84,0,0
973,C51E0C551CE7,0,32,25,0,90,13,0
974,8B4A0DD4A3AE,0,12,18,0,81,13,0
975,F86E18F2B8C7,36,13,32,0,67,25,0
976,70DC91763832,81,34,84,84,84,84,61
977,CBCDAF0E9630,0,4,50,0,81,0,0
978,4171CB7DF807,30,18,35,30,89,72,35
979,9F3B64C57D04,0,29,37,0,84,84,0
980,530F622827DE,46,17,75,0,88,0,65
981,5EB43212A8DC,82,14,54,0,82,78,0
982,388067305791,85,37,54,0,89,50,23
983,B8A2B64B089F,29,15,87,0,87,87,0
984,4776005B77F0,0,18,62,0,84,46,0
985,6AC63FF66486,0,11,29,0,84,32,11
986,983925C8CFCF,0,22,87,0,87,44,0
987,29DD536C98FA,82,22,22,50,82,54,38
988,0A1C9CA990BD,0,17,31,0,85,85,0
989,4B598963BE1E,60,35,13,0,88,56,0
990,17FD20AFEA13,0,50,89,23,89,89,55
991,6851B722B3E0,0,11,89,0,89,0,89
992,44097BA9A171,26,22,53,0,88,64,0
993,078FCB89177B,11,65,24,0,87,82,0
994,E73329DA93D6,0,33,61,0,90,16,0
995,95BCD0EEE72B,17,36,89,35,89,86,37
996,A8E73414941A,85,9,85,0,85,39,0
997,649C378CEFB2,88,15,31,0,88,65,0
998,E757E8BA280F,82,21,73,34,82,57,9
999,FD7EFCCA4C5B,50,30,80,0,80,80,0
